{"cameraMode":{"drawMode":0,"name":"Shaded","section":"Shading Mode"},"sceneLighting":false,"audioPlay":false,"sceneViewState":{"m_AlwaysRefresh":false,"showFog":true,"showSkybox":false,"showFlares":true,"showImageEffects":true,"showParticleSystems":true,"showVisualEffectGraphs":true,"m_FxEnabled":true},"in2DMode":false,"pivot":{"x":0.000003814697265625,"y":0.17402252554893495,"z":-0.0000019073486328125},"rotation":{"x":0.2118263840675354,"y":-0.6918806433677673,"z":0.22454604506492616,"w":0.6527370810508728},"size":12.213550567626954,"orthographic":false}