{"cameraMode":{"drawMode":0,"name":"Shaded","section":"Shading Mode"},"sceneLighting":false,"audioPlay":false,"sceneViewState":{"m_AlwaysRefresh":false,"showFog":true,"showSkybox":false,"showFlares":true,"showImageEffects":true,"showParticleSystems":true,"showVisualEffectGraphs":true,"m_FxEnabled":true},"in2DMode":false,"pivot":{"x":0.0000064373016357421878,"y":0.4638107717037201,"z":-0.0000057220458984375},"rotation":{"x":0.2118263840675354,"y":-0.6918806433677673,"z":0.22454604506492616,"w":0.6527370810508728},"size":2.913213014602661,"orthographic":false}