{"cameraMode":{"drawMode":0,"name":"Shaded","section":"Shading Mode"},"sceneLighting":false,"audioPlay":false,"sceneViewState":{"m_AlwaysRefresh":false,"showFog":true,"showSkybox":false,"showFlares":true,"showImageEffects":true,"showParticleSystems":true,"showVisualEffectGraphs":true,"m_FxEnabled":true},"in2DMode":false,"pivot":{"x":0.0000019073486328125,"y":0.43852996826171877,"z":-0.000009059906005859375},"rotation":{"x":0.2118263840675354,"y":-0.6918806433677673,"z":0.22454604506492616,"w":0.6527370810508728},"size":16.77044677734375,"orthographic":false}