{"cameraMode":{"drawMode":0,"name":"Shaded","section":"Shading Mode"},"sceneLighting":false,"audioPlay":false,"sceneViewState":{"m_AlwaysRefresh":false,"showFog":true,"showSkybox":false,"showFlares":true,"showImageEffects":true,"showParticleSystems":true,"showVisualEffectGraphs":true,"m_FxEnabled":true},"in2DMode":false,"pivot":{"x":-21.099998474121095,"y":0.16353514790534974,"z":-45.999996185302737},"rotation":{"x":0.2118263840675354,"y":-0.6918806433677673,"z":0.22454604506492616,"w":0.6527370810508728},"size":21.213842391967775,"orthographic":false}